,id,title,num_comments,text,link,subreddit,subreddit_id
0,l7l21v,"Petition for GME to issues shares at the fucking top ($69,420) to raise capital to develop their own brokerage trading app. Call the app **Deep Fucking Value**",0,[removed],https://www.reddit.com/r/wallstreetbets/comments/l7l21v/petition_for_gme_to_issues_shares_at_the_fucking/,wallstreetbets,t5_2th52
1,l7l23x,"Kevin O'Leary, Siding W/ The Smaller Investor | $GME | ZingerNation",0,,https://www.reddit.com/r/wallstreetbets/comments/l7l23x/kevin_oleary_siding_w_the_smaller_investor_gme/,wallstreetbets,t5_2th52
2,l7l2f8,Robinhoodâ€™s manipulation tactics pissed me off! Buying $120k GME shares at market open,0,[removed],https://www.reddit.com/r/wallstreetbets/comments/l7l2f8/robinhoods_manipulation_tactics_pissed_me_off/,wallstreetbets,t5_2th52
3,l7l2ic,Getting in on the GME,0,[removed],https://www.reddit.com/r/wallstreetbets/comments/l7l2ic/getting_in_on_the_gme/,wallstreetbets,t5_2th52
4,l7l2jh,GME or What to Invest,0,[removed],https://www.reddit.com/r/wallstreetbets/comments/l7l2jh/gme_or_what_to_invest/,wallstreetbets,t5_2th52
5,l7l2tb,TRIPLE KILL: Citadel was cognizant of the entire ordeal and big ego lent to the demise of MC and further loss of reputation to RH.,79,"Citadel owns Robinhood and Melvin Capital.  Ken Griffin, now 28th richest in the world owns Citadel. 

Citadel has an incentive to keep it's subsidiaries alive. No shit.  A loss from MC affects Citadels bottom line.

More than half of us use RH and as we all know RH sells all that data primarily to Citadel.  Thus, Citadel had more than ample data (of all the massive option positions being bought and sold on GME, as well as Melvin Capital's risky and overlevered short position, ect)

If anything Citadel was in a better position than any other single hedge fund or institutional investor in the market to know exactly what the f*** was going to happen to GameStop, especially given that Citadel is basically the PLTR of retail trades. 

Why wouldn't Citadel warn Melvin Capital to close their position when gamestop gapped up $30 last week to 50 or $60 a share and when hundreds of thousands of contracts were bought that very day??   (Too many options being bought in a hard to borrow stock creates a great likelihood of a huge squeeze when sellers of options need to buy the underlying shares to stay delta neutral).  At a minimum why not at $120 the next day when the price doubled and more?  Why wait to $500? It's like what the fuck did you think was going to happen -- did you think we'd close at $100 simultaneously and all take our profits so you could further short 200% of the float? 

This is all one man's ego and it started from the top and worked its way down.  Now Citadels fucked MC and RHs suffered a huge loss to reputation.",https://www.reddit.com/r/wallstreetbets/comments/l7l2tb/triple_kill_citadel_was_cognizant_of_the_entire/,wallstreetbets,t5_2th52
6,l7l2yx,GME is back,0,[removed],https://www.reddit.com/r/wallstreetbets/comments/l7l2yx/gme_is_back/,wallstreetbets,t5_2th52
7,l7l389,So whatâ€™s next after Doge/GME ?,0,[removed],https://www.reddit.com/r/wallstreetbets/comments/l7l389/so_whats_next_after_dogegme/,wallstreetbets,t5_2th52
8,l7l3d5,Can all the big dick big brain ape kings whoğŸ™ŒğŸ’ğŸ™Œ GME through this war get flair for their valor?,0,[removed],https://www.reddit.com/r/wallstreetbets/comments/l7l3d5/can_all_the_big_dick_big_brain_ape_kings_who_gme/,wallstreetbets,t5_2th52
9,l7l3e9,"Tonight we feast boys, my 10k all in to the moon! GME ğŸš€ğŸš€",2,[removed],https://www.reddit.com/r/wallstreetbets/comments/l7l3e9/tonight_we_feast_boys_my_10k_all_in_to_the_moon/,wallstreetbets,t5_2th52
10,l7l3gq,I GOT BORED AND COMPILED THE TOP 62 SHORTED STOCKS WITH THEIR SHORT FLOAT AND BORROWING RATES (IE HOW EXPENSIVE/HARD IT IS TO HOLD SHORT POSITION) | I EVEN PUT IT IN A FUCKING TABLE,483,"[IN THIS POST I DESCRIBED HOW TO FIND THIS INFORMATION.](https://www.reddit.com/r/wallstreetbets/comments/l7fn7b/a_brief_introduction_to_understanding_short/)

**HERE IS THE SHORTING AND BORROWING DATA FOR EVERY STOCK ABOVE 30% SHORTED.**

*NOTE: THIS IS ENTIRELY BASED ON INFORMATION FROM THE WEBSITES LINKED IN THE PREVIOUS POST.  IT COULD BE COMPLETELY WRONG AND/OR OUTDATED.  I AM NOT A DENTIST.  THIS IS NOT DENTAL ADVICE.*

(DATA AS OF LIKE MIDNIGHT THURSDAY OR SOMETHING)

* **STOCKS WITH HIGH SHORT FLOAT HAVE A HIGHER PERCENT OF SHARES SHORTED.**
* **SHORT RATIO IS THE RATIO BETWEEN SHORTED STOCKS AND AVERAGE VOLUME (IE DAYS TO COVER)**
* **STOCKS WITH HIGH BORROWING RATE ARE EXPENSIVE TO BORROW OVER TIME.  DAILY COST = (STOCK PRICE)(BORROW RATE)(# of Shares)/365** 
   * **THIS DOES NOT INCLUDE INTEREST.  BORROWING RATE CHANGES BASED ON VALUE, DEMAND, AND AVAILABLE INVENTORY**
   * **BORROWING RATE CAN SHOW HOW TIGHT THE MARKET FOR THE STOCK IS, AND MAY BE A BETTER INDICATOR OF SHORT INTEREST**
* **AVAILABLE SHARES MEANS THE NUMBER OF SHARES AVAIBLE TO SHORT, NOT SHARES AVAILABLE TO BUY!**

**BORROWING RATE CAN SHOW HOW TIGHT THE MARKET FOR THE STOCK IS, AND MAY BE A BETTER INDICATOR OF SHORT INTERES**

|Ticker|Float Short|Short Ratio (Days to cover)|Borrowing Rate (%)|Available shares|
|:-|:-|:-|:-|:-|
|GME|121|2.41|32.8|75000|
|ATUS|76|8.63|0.3|1000000|
|NAKD|75|0.17|22.5|400000|
|FUBO|75|2.04|0.6|1600000|
|XL|72|0.71|20.7|95000|
|GOEV|66|2.23|50.2|100|
|WB|66|6.55|0.4|450000|
|LGND|65|22.27|2.3|100000|
|BBBY|65|5.55|1.3|950000|
|FIZZ|62|15.81|1.9|75000|
|SPWR|57|5.19|1.4|350000|
|AMCX|56|11.18|1.8|800000|
|UTZ|55|4.29|0.5|1300000|
|MAC|52|10.75|9.8|2100000|
|SKT|52|13.29|5.6|20000|
|TLRY|51|1.22|18.8|650000|
|GSX|50|11.97|0.5|1700000|
|REV|48|1.83|45.2|100000|
|TDAC|47|0.78|2.7|200000|

**STOCKS WITH A HIGH BORROW RATE FOR SHORT-SELLERS (ABOVE \~20%)**

|Ticker|Float Short|Short Ratio|Borrowing Rate|Available shares|
|:-|:-|:-|:-|:-|
|VIVE|40|0.99|52.5|60000|
|GOEV|66|2.23|50.2|100|
|AYRO|34|0.51|45.3|400000|
|REV|48|1.83|45.2|100000|
|VXRT|34|3.26|38.4|750000|
|GME|121|2.41|32.8|75000|
|SENS|31|1.34|24.1|3000000|
|NAKD|75|0.17|22.5|400000|
|XL|72|0.71|20.7|95000|
|RKT|37|3.73|20.2|550000|
|TLRY|51|1.22|18.8|650000|

**STOCKS WITH A HIGH SHORT FLOAT (\~50%)  AND HIGH BORROW RATE FOR SHORT-SELLERS (ABOVE \~20%)**

|Ticker|Float Short|Short Ratio|Borrowing Rate|Available shares|
|:-|:-|:-|:-|:-|
|GME|121|2.41|32.8|75000|
|NAKD|75|0.17|22.5|400000|
|XL|72|0.71|20.7|95000|
|GOEV|66|2.23|50.2|100|
|TLRY|51|1.22|18.8|650000|
|REV|48|1.83|45.2|100000|

*I AM NOT A FINANCIAL ADVISOR.  THIS IS NOT FINANCIAL ADVICE.  THIS IS FOR ENTERTAINMENT PURPOSES ONLY.  I AM NOT A DENTIST.  THIS IS NOT DENTAL ADVICE.*  [ALL INFORMATION FROM WEBSITES DESCRIBED IN THIS POST.](https://www.reddit.com/r/wallstreetbets/comments/l7fn7b/a_brief_introduction_to_understanding_short/)",https://www.reddit.com/r/wallstreetbets/comments/l7l3gq/i_got_bored_and_compiled_the_top_62_shorted/,wallstreetbets,t5_2th52
11,l7l3m0,GME predictions,0,[removed],https://www.reddit.com/r/wallstreetbets/comments/l7l3m0/gme_predictions/,wallstreetbets,t5_2th52
12,l7l3nu,"IF GME HITS $1000, ALL PROCEEDS GO TO CHARITY OF DFV's CHOOSING",0,,https://www.reddit.com/r/wallstreetbets/comments/l7l3nu/if_gme_hits_1000_all_proceeds_go_to_charity_of/,wallstreetbets,t5_2th52
13,l7l3u0,GME IS BACK ON ROBINHOOD,0,[removed],https://www.reddit.com/r/wallstreetbets/comments/l7l3u0/gme_is_back_on_robinhood/,wallstreetbets,t5_2th52
14,l7l3xg,Did anyone get their wife back after riding GME to the fucking moon?,1,[removed],https://www.reddit.com/r/wallstreetbets/comments/l7l3xg/did_anyone_get_their_wife_back_after_riding_gme/,wallstreetbets,t5_2th52
15,l7l3yz,To all GME Retards a reminder for Friday.,0,,https://www.reddit.com/r/wallstreetbets/comments/l7l3yz/to_all_gme_retards_a_reminder_for_friday/,wallstreetbets,t5_2th52
16,l7l3zu,"funniest shit ever, $GME",0,,https://www.reddit.com/r/wallstreetbets/comments/l7l3zu/funniest_shit_ever_gme/,wallstreetbets,t5_2th52
17,l7l416,GME to 10K!,2,[removed],https://www.reddit.com/r/wallstreetbets/comments/l7l416/gme_to_10k/,wallstreetbets,t5_2th52
18,l7l4c8,I bought into $GME on Wednesday morning to join the movement and make a little cash....,0,[removed],https://www.reddit.com/r/wallstreetbets/comments/l7l4c8/i_bought_into_gme_on_wednesday_morning_to_join/,wallstreetbets,t5_2th52
19,l7l4ho,"PSA: You can now buy GME, AMC, BB on RH now",0,[removed],https://www.reddit.com/r/wallstreetbets/comments/l7l4ho/psa_you_can_now_buy_gme_amc_bb_on_rh_now/,wallstreetbets,t5_2th52
20,l7l4mr,The energy in this sub is like Power Overwhelming!,66,"I just thought Iâ€™d compare the energy of the sub talking about GME, BB, AMC, and other meme stocks with the same crazy and exciting energy I feel at a hot roulette table in Vegas!  All the retards are rooting for each other as we take money from our IRAâ€™s, 401kâ€™s, 529 plans, TSPâ€™s, and savings to buy these stocks!  I like these stocks, letâ€™s go!  I wanted to buy more AMC and BB, but aftermarket prices have risen from the closing prices of today! Lol!  I love it!  Btw, Charles Swchab came through and allowed these stocks to trade normally without the Robinhood bullshit.",https://www.reddit.com/r/wallstreetbets/comments/l7l4mr/the_energy_in_this_sub_is_like_power_overwhelming/,wallstreetbets,t5_2th52
21,l7l4rq,"Fellow Autists, Robinhood is allowing US to buy only 1 SHARE of GME and 3 WHOLE SHARES of BB Who are they to tell us How Much WE CAN BUY. GME BB GANG ğŸš€ ğŸš€ ğŸš€ ğŸš€ ğŸš€ ğŸš€ ğŸš€ ğŸš€",0,,https://www.reddit.com/r/wallstreetbets/comments/l7l4rq/fellow_autists_robinhood_is_allowing_us_to_buy/,wallstreetbets,t5_2th52
22,l7l4v7,Dogecoin!! Is going to moon if we all get behind it guys. Lets do with Doge like we did with GME.,2,[removed],https://www.reddit.com/r/wallstreetbets/comments/l7l4v7/dogecoin_is_going_to_moon_if_we_all_get_behind_it/,wallstreetbets,t5_2th52
23,l7l52s,GME. BB ğŸš€ğŸš€ğŸš€ğŸš€ğŸš€ğŸš€ğŸš€ğŸš€ğŸš€ğŸš€ğŸš€ğŸš€,0,,https://www.reddit.com/r/wallstreetbets/comments/l7l52s/gme_bb/,wallstreetbets,t5_2th52
24,l7l5ga,can someone explain wtf is goin on and where can I buy gme stock,1,[removed],https://www.reddit.com/r/wallstreetbets/comments/l7l5ga/can_someone_explain_wtf_is_goin_on_and_where_can/,wallstreetbets,t5_2th52
25,l7l5gh,List of Brokers that stopped GME trading earlier,0,[removed],https://www.reddit.com/r/wallstreetbets/comments/l7l5gh/list_of_brokers_that_stopped_gme_trading_earlier/,wallstreetbets,t5_2th52
26,l7l5m4,"Robinhood hold is OFF!!! Buy GME,AAl!",0,[removed],https://www.reddit.com/r/wallstreetbets/comments/l7l5m4/robinhood_hold_is_off_buy_gmeaal/,wallstreetbets,t5_2th52
27,l7l5q8,Norwegian retail broker says: itâ€™s not our problem that people buy. Itâ€™s the exchangeâ€™s problem. They can also report that thousands of Norwegians have bought GME ğŸ’ğŸ™Œ (article in Norwegian),0,,https://www.reddit.com/r/wallstreetbets/comments/l7l5q8/norwegian_retail_broker_says_its_not_our_problem/,wallstreetbets,t5_2th52
28,l7l5rg,These GME one day stats I saw while screenshotting evidence on R*binhood are just bonkers.,0,,https://www.reddit.com/r/wallstreetbets/comments/l7l5rg/these_gme_one_day_stats_i_saw_while/,wallstreetbets,t5_2th52
29,l7l65w,Take a moment to talk to your ğŸ‘¨â€ğŸ¦³boomerğŸ§‘â€ğŸ¦³ parents about what is happening rn with GME and the financial world in general,0,[removed],https://www.reddit.com/r/wallstreetbets/comments/l7l65w/take_a_moment_to_talk_to_your_boomer_parents/,wallstreetbets,t5_2th52
30,l7l6iv,Itâ€™s that old Christmas Eve feeling all over again. GMEğŸš€AMCğŸš€NOKğŸš€DOGEğŸš€BBğŸš€,0,[removed],https://www.reddit.com/r/wallstreetbets/comments/l7l6iv/its_that_old_christmas_eve_feeling_all_over_again/,wallstreetbets,t5_2th52
31,l7l6mf,Have no expectation. GME &amp; AMC psychology,0,[removed],https://www.reddit.com/r/wallstreetbets/comments/l7l6mf/have_no_expectation_gme_amc_psychology/,wallstreetbets,t5_2th52
32,l7l6tx,"$GME - Fuck Wall Street, Fuck the Suits. Banks are even more fucked than we thought, Hold The Line.",0,,https://www.reddit.com/r/wallstreetbets/comments/l7l6tx/gme_fuck_wall_street_fuck_the_suits_banks_are/,wallstreetbets,t5_2th52
33,l7l6ul,Gme Call Iâ€™m new but why is it only .05 thanks,0,,https://www.reddit.com/r/wallstreetbets/comments/l7l6ul/gme_call_im_new_but_why_is_it_only_05_thanks/,wallstreetbets,t5_2th52
34,l7l6us,Robinhood only letting you queue up 3 or less GME shares. Market manipulation continues. This is BS,0,,https://www.reddit.com/r/wallstreetbets/comments/l7l6us/robinhood_only_letting_you_queue_up_3_or_less_gme/,wallstreetbets,t5_2th52
35,l7l76y,"The RobinHood from Mexico GBM+ limits the stockÂ´s purchase for GME, AMC ...",0,[removed],https://www.reddit.com/r/wallstreetbets/comments/l7l76y/the_robinhood_from_mexico_gbm_limits_the_stocks/,wallstreetbets,t5_2th52
36,l7l7ht,NEXT SKYROCKET BET. Seeing this all over my tiktok to blow on February 3rd. Trying to be the next $GME BUYBUYBUYBUY,0,,https://www.reddit.com/r/wallstreetbets/comments/l7l7ht/next_skyrocket_bet_seeing_this_all_over_my_tiktok/,wallstreetbets,t5_2th52
37,l7l7ig,$GME stonk plunged by THE deepest of ARTIFICIAL ~value~ $DOGE â˜„ï¸ğŸš€,0,,https://www.reddit.com/r/wallstreetbets/comments/l7l7ig/gme_stonk_plunged_by_the_deepest_of_artificial/,wallstreetbets,t5_2th52
38,l7l7mz,"Thatâ€™s why Iâ€™m holding into CTRM, AMC and GME to dear life",0,,https://www.reddit.com/r/wallstreetbets/comments/l7l7mz/thats_why_im_holding_into_ctrm_amc_and_gme_to/,wallstreetbets,t5_2th52
39,l7l7tn,Buying GME today as a newbie,0,[removed],https://www.reddit.com/r/wallstreetbets/comments/l7l7tn/buying_gme_today_as_a_newbie/,wallstreetbets,t5_2th52
40,l7l7y3,"PSA: Robinhood is limiting traders to 5 SHARES of GME, 100 SHARES of ALL OTHER MEME STOCKS",0,[removed],https://www.reddit.com/r/wallstreetbets/comments/l7l7y3/psa_robinhood_is_limiting_traders_to_5_shares_of/,wallstreetbets,t5_2th52
41,l7l87h,Got my GME buy cancelled by RH again,0,[removed],https://www.reddit.com/r/wallstreetbets/comments/l7l87h/got_my_gme_buy_cancelled_by_rh_again/,wallstreetbets,t5_2th52
42,l7l887,GME,0,[removed],https://www.reddit.com/r/wallstreetbets/comments/l7l887/gme/,wallstreetbets,t5_2th52
43,l7l8mn,"How is the GME squeeze play not against the WSB market manipulation rules? (new, seriously asking)",0,[removed],https://www.reddit.com/r/wallstreetbets/comments/l7l8mn/how_is_the_gme_squeeze_play_not_against_the_wsb/,wallstreetbets,t5_2th52
44,l7l8tj,GME was a good support from this community... What about Hertz ? THESE HEDGE FUNDS DESTROYED THIS COMPANY AS WELL !! Could HERTZ again comeback ?,0,[removed],https://www.reddit.com/r/wallstreetbets/comments/l7l8tj/gme_was_a_good_support_from_this_community_what/,wallstreetbets,t5_2th52
45,l7l928,"You know what? Fuck it, Iâ€™m in.",178,"Iâ€™ll be short and honest with you, my fellow retards because I know our attention span is limited. 
I was very skeptical of GME from the beginning. I figured it would squeeze a little bit, the hedges would cover their asses, and the stock would fall as WSB moves onto its next meme. This has happened MANY times in the time of been with WSB, but whatâ€™s different here is the stock pushed far enough that the hedges refused to eat the loss. 
Every single day I told myself:
â€œOkay, all the hedges are gonna buy back right? Thereâ€™s no way short interest just remains this highâ€ 
But it fucking did. They fucked up SO bad that they began to silence not only our collective group of raging autism, but regular ass folk who just heard about it. All because they canâ€™t admit they fucked up and just eat the loss like honorable brokers. 
Iâ€™m pissed off now. Watching Vlad lie his ass off about why they shut down the trading of 13 OF THE MOST HEAVILY TRADED STOCKS was the final straw. 
Tomorrow Iâ€™m hopping in with you my brothers, with everything I can throw at it. 
Godspeed. I hope we survive and make some money
My only question before going into battle is this:
With volatility so high are the contracts for different strikes even worth it after the premiums are thrown into overdrive? Or should I just go full shares to cover my ass? 
Thanks boys.",https://www.reddit.com/r/wallstreetbets/comments/l7l928/you_know_what_fuck_it_im_in/,wallstreetbets,t5_2th52
46,l7l955,All my money tied to RH Iâ€™m retarded so Iâ€™m buying my 5 GME limit and going to AMC ğŸš€ğŸš€ğŸš€ğŸš€ğŸš€,0,[removed],https://www.reddit.com/r/wallstreetbets/comments/l7l955/all_my_money_tied_to_rh_im_retarded_so_im_buying/,wallstreetbets,t5_2th52
47,l7l967,"GME weight in ""equal waited"" XRT ETF raised to 20% yesterday, up from 1.5%",0,[removed],https://www.reddit.com/r/wallstreetbets/comments/l7l967/gme_weight_in_equal_waited_xrt_etf_raised_to_20/,wallstreetbets,t5_2th52
48,l7l98a,"Prepare for battle my brothers, it's war tomorrow GME",2,,https://www.reddit.com/r/wallstreetbets/comments/l7l98a/prepare_for_battle_my_brothers_its_war_tomorrow/,wallstreetbets,t5_2th52
49,l7l9h0,the top 20 most shorted stock list! ..... weâ€™re doing with GME !!!!,0,,https://www.reddit.com/r/wallstreetbets/comments/l7l9h0/the_top_20_most_shorted_stock_list_were_doing/,wallstreetbets,t5_2th52
50,l7l9qq,Hold On (to GME) Just a Little While Longer DBH,0,,https://www.reddit.com/r/wallstreetbets/comments/l7l9qq/hold_on_to_gme_just_a_little_while_longer_dbh/,wallstreetbets,t5_2th52
51,l7l9ri,THEY ARE UNBLOCKING GME AMC AND OTHER STOCKS,0,,https://www.reddit.com/r/wallstreetbets/comments/l7l9ri/they_are_unblocking_gme_amc_and_other_stocks/,wallstreetbets,t5_2th52
52,l7l9sv,Hop on the GME rocketship!!! Prepare for take off!!!,0,[removed],https://www.reddit.com/r/wallstreetbets/comments/l7l9sv/hop_on_the_gme_rocketship_prepare_for_take_off/,wallstreetbets,t5_2th52
53,l7lal9,You can buy GME again on RobinHood,0,,https://www.reddit.com/r/wallstreetbets/comments/l7lal9/you_can_buy_gme_again_on_robinhood/,wallstreetbets,t5_2th52
54,l7laos,100% of stock finances to GME! 100% of crypto finances to DOGE! I love you all to the moon!,0,[removed],https://www.reddit.com/r/wallstreetbets/comments/l7laos/100_of_stock_finances_to_gme_100_of_crypto/,wallstreetbets,t5_2th52
55,l7lapf,GME UVXY,0,[removed],https://www.reddit.com/r/wallstreetbets/comments/l7lapf/gme_uvxy/,wallstreetbets,t5_2th52
56,l7laqm,Donâ€™t let the news saying the shorts are over or Dogecoin distract you from $GME ğŸ’ğŸ™ŒğŸ’ğŸ™Œ Diamonds are forever!,0,,https://www.reddit.com/r/wallstreetbets/comments/l7laqm/dont_let_the_news_saying_the_shorts_are_over_or/,wallstreetbets,t5_2th52
57,l7lauq,Going to buy my first stock ever tomorrow in GME.,2,[removed],https://www.reddit.com/r/wallstreetbets/comments/l7lauq/going_to_buy_my_first_stock_ever_tomorrow_in_gme/,wallstreetbets,t5_2th52
58,l7lawb,The GME Line in the Sand,0,[removed],https://www.reddit.com/r/wallstreetbets/comments/l7lawb/the_gme_line_in_the_sand/,wallstreetbets,t5_2th52
59,l7laxe,Can I execute OTM call if they stop me from trading $GME? To get the stock?,0,[removed],https://www.reddit.com/r/wallstreetbets/comments/l7laxe/can_i_execute_otm_call_if_they_stop_me_from/,wallstreetbets,t5_2th52
60,l7lb4c,"We've proved our point, move all assets to DOGE. In a month we launch against GME, AMC, NOK and BB. Frankly, we need to all get on the same page.",0,[removed],https://www.reddit.com/r/wallstreetbets/comments/l7lb4c/weve_proved_our_point_move_all_assets_to_doge_in/,wallstreetbets,t5_2th52
61,l7lbhb,Is there a way to buy some of the (GME) with PayPal?,0,[removed],https://www.reddit.com/r/wallstreetbets/comments/l7lbhb/is_there_a_way_to_buy_some_of_the_gme_with_paypal/,wallstreetbets,t5_2th52
62,l7lbm2,"If GME breaks 3,000 my friend and I are getting matching gamestop ass tattoos",2,[removed],https://www.reddit.com/r/wallstreetbets/comments/l7lbm2/if_gme_breaks_3000_my_friend_and_i_are_getting/,wallstreetbets,t5_2th52
63,l7lbpv,"RAGS TO RICHES GME- BB, NOK, AMC",0,[removed],https://www.reddit.com/r/wallstreetbets/comments/l7lbpv/rags_to_riches_gme_bb_nok_amc/,wallstreetbets,t5_2th52
64,l7lc0j,So I underthand gme and amc are the biznis,2,[removed],https://www.reddit.com/r/wallstreetbets/comments/l7lc0j/so_i_underthand_gme_and_amc_are_the_biznis/,wallstreetbets,t5_2th52
65,l7lc0w,Is it too late to join in and fuck the rich with GME?,0,[removed],https://www.reddit.com/r/wallstreetbets/comments/l7lc0w/is_it_too_late_to_join_in_and_fuck_the_rich_with/,wallstreetbets,t5_2th52
66,l7lc1l,GME All in ğŸš€ğŸš€ğŸš€ğŸš€ğŸš€,0,[removed],https://www.reddit.com/r/wallstreetbets/comments/l7lc1l/gme_all_in/,wallstreetbets,t5_2th52
67,l7lc4h,Premarkets on fire!! That means big bugs for us fellow retards!!! AMC!! GME!!!,0,[removed],https://www.reddit.com/r/wallstreetbets/comments/l7lc4h/premarkets_on_fire_that_means_big_bugs_for_us/,wallstreetbets,t5_2th52
68,l7lc6v,Buy Dodgcoin ASAP..!!!!ğŸ’°ğŸ’°ğŸ’°ğŸ’° $60 turning into $787 #Dodgcoin #amc #BB #tesla #botcoin #gme #gamestop #Nok #nokia #robinhood #winning #live,0,,https://www.reddit.com/r/wallstreetbets/comments/l7lc6v/buy_dodgcoin_asap_60_turning_into_787_dodgcoin/,wallstreetbets,t5_2th52
69,l7lc7e,"Iâ€™m holding my positions in $GME, $AMC, and $BB",0,[removed],https://www.reddit.com/r/wallstreetbets/comments/l7lc7e/im_holding_my_positions_in_gme_amc_and_bb/,wallstreetbets,t5_2th52
70,l7lccg,I'M SELLING MY $100 OF BITCOIN AND BUYING GME. I LOVE THE STOCK AND I LOVE THIS COMMUNITY. GME TO THE MOON!!!!! ğŸš€ ğŸš€ ğŸš€ ğŸš€ ğŸš€ ğŸš€ ğŸš€ ğŸš€ ğŸš€ ğŸš€,0,[removed],https://www.reddit.com/r/wallstreetbets/comments/l7lccg/im_selling_my_100_of_bitcoin_and_buying_gme_i/,wallstreetbets,t5_2th52
71,l7lckt,"""GME? You don't really like the Stonk, do you?""",0,,https://www.reddit.com/r/wallstreetbets/comments/l7lckt/gme_you_dont_really_like_the_stonk_do_you/,wallstreetbets,t5_2th52
72,l7lcp5,GME IS BACK UP ON ROBINHOOD,0,[removed],https://www.reddit.com/r/wallstreetbets/comments/l7lcp5/gme_is_back_up_on_robinhood/,wallstreetbets,t5_2th52
73,l7lcug,Robinhood isnâ€™t allowing users to purchase fractional share of GME or any of the other restricted stocks,0,[removed],https://www.reddit.com/r/wallstreetbets/comments/l7lcug/robinhood_isnt_allowing_users_to_purchase/,wallstreetbets,t5_2th52
74,l7lcyt,Be careful RH trading default on GME options is now PUT not CALL.,0,[removed],https://www.reddit.com/r/wallstreetbets/comments/l7lcyt/be_careful_rh_trading_default_on_gme_options_is/,wallstreetbets,t5_2th52
75,l7ld5s,GME Position Thread,0,[removed],https://www.reddit.com/r/wallstreetbets/comments/l7ld5s/gme_position_thread/,wallstreetbets,t5_2th52
76,l7ld6m,"I don't know what mods can or cannot do, but wouldn't it be nice to mark old autists with a role or something&gt;? I'd really love to see if users were here before GME porn",0,[removed],https://www.reddit.com/r/wallstreetbets/comments/l7ld6m/i_dont_know_what_mods_can_or_cannot_do_but/,wallstreetbets,t5_2th52
77,l7ldbs,"If GME does go nuclear, it has the potential to fix, rather than break, the economy.",0,[removed],https://www.reddit.com/r/wallstreetbets/comments/l7ldbs/if_gme_does_go_nuclear_it_has_the_potential_to/,wallstreetbets,t5_2th52
78,l7lde1,5K LOAN JUST GOT DEPOSITED IN MY ACCOUNT FOR COVID HELP little do they know itâ€™s for $GMEğŸ’ğŸ‘ğŸš€ğŸš€ğŸš€ğŸš€ğŸš€ğŸš€ğŸš€,2,[removed],https://www.reddit.com/r/wallstreetbets/comments/l7lde1/5k_loan_just_got_deposited_in_my_account_for/,wallstreetbets,t5_2th52
79,l7ldqf,Over exposure to shit caps not GME because I havent been able to buy in at a decent price. Got the carpet pulled out from under my feet today by the hedgies pulling the plug. Guys these cunts have committed a crime to us all. The direct equivalent is a little bitch kid crying and pulling the plug!,0,[removed],https://www.reddit.com/r/wallstreetbets/comments/l7ldqf/over_exposure_to_shit_caps_not_gme_because_i/,wallstreetbets,t5_2th52
80,l7ldu1,New to stocks and the GME game,0,[removed],https://www.reddit.com/r/wallstreetbets/comments/l7ldu1/new_to_stocks_and_the_gme_game/,wallstreetbets,t5_2th52
81,l7le03,Which new stock to invest/rocket after GME?,0,[removed],https://www.reddit.com/r/wallstreetbets/comments/l7le03/which_new_stock_to_investrocket_after_gme/,wallstreetbets,t5_2th52
82,l7le1r,Help me get my girl ... GME to 1k and sheâ€™ll marry me,0,,https://www.reddit.com/r/wallstreetbets/comments/l7le1r/help_me_get_my_girl_gme_to_1k_and_shell_marry_me/,wallstreetbets,t5_2th52
83,l7le3f,Is robinhood open for gme again???,0,[removed],https://www.reddit.com/r/wallstreetbets/comments/l7le3f/is_robinhood_open_for_gme_again/,wallstreetbets,t5_2th52
84,l7le48,What is happening tomorrow with GME. (SPOILER: ğŸš€ğŸš€ğŸš€),0,[removed],https://www.reddit.com/r/wallstreetbets/comments/l7le48/what_is_happening_tomorrow_with_gme_spoiler/,wallstreetbets,t5_2th52
85,l7le78,FOCUS ON GME ğŸ¤²ğŸ»ğŸ’ BUT HERE'S A RELIABLE LIST OF ALL THE MOST SHORTED COMPANIES,0,[removed],https://www.reddit.com/r/wallstreetbets/comments/l7le78/focus_on_gme_but_heres_a_reliable_list_of_all_the/,wallstreetbets,t5_2th52
86,l7leh8,DOGE is not the same as GME,0,[removed],https://www.reddit.com/r/wallstreetbets/comments/l7leh8/doge_is_not_the_same_as_gme/,wallstreetbets,t5_2th52
87,l7les8,"Even after peak $GME squeeze, the price will stay elevated from degenerates expecting another spike. $VW example. Not financial advice.",0,,https://www.reddit.com/r/wallstreetbets/comments/l7les8/even_after_peak_gme_squeeze_the_price_will_stay/,wallstreetbets,t5_2th52
88,l7leuu,GME order flow,0,[removed],https://www.reddit.com/r/wallstreetbets/comments/l7leuu/gme_order_flow/,wallstreetbets,t5_2th52
89,l7lev7,"The weather network knows what's up, GME boutta hit the moon on Monday ğŸš€ğŸš€ğŸš€ğŸš€ğŸš€ğŸš€",0,,https://www.reddit.com/r/wallstreetbets/comments/l7lev7/the_weather_network_knows_whats_up_gme_boutta_hit/,wallstreetbets,t5_2th52
90,l7lew5,"THESE ARE THE NEXT STOCKS TO BLOW UP LIKE GME, AMC, NOKIA AFTER THIS SQUEEZE!!!!",0,[removed],https://www.reddit.com/r/wallstreetbets/comments/l7lew5/these_are_the_next_stocks_to_blow_up_like_gme_amc/,wallstreetbets,t5_2th52
91,l7lezc,GME SQUAD ğŸš€ğŸš€ğŸš€,0,,https://www.reddit.com/r/wallstreetbets/comments/l7lezc/gme_squad/,wallstreetbets,t5_2th52
92,l7lezp,Gme stock dilution,0,[removed],https://www.reddit.com/r/wallstreetbets/comments/l7lezp/gme_stock_dilution/,wallstreetbets,t5_2th52
93,l7lfiq,GME Is Gonna Take Us Tards To The Promised Land,2,,https://www.reddit.com/r/wallstreetbets/comments/l7lfiq/gme_is_gonna_take_us_tards_to_the_promised_land/,wallstreetbets,t5_2th52
94,l7lfiv,THE BATTLE OF GME,2,[removed],https://www.reddit.com/r/wallstreetbets/comments/l7lfiv/the_battle_of_gme/,wallstreetbets,t5_2th52
95,l7lfkv,Had no idea what this was going to mean when I got it last Friday. GME GANG!! Let's see them SHORT THIS I'm Never Selling!!!!,2,[removed],https://www.reddit.com/r/wallstreetbets/comments/l7lfkv/had_no_idea_what_this_was_going_to_mean_when_i/,wallstreetbets,t5_2th52
96,l7lfl3,Am I too late for GME??,0,[removed],https://www.reddit.com/r/wallstreetbets/comments/l7lfl3/am_i_too_late_for_gme/,wallstreetbets,t5_2th52
97,l7lfo0,"I will not falter. My hands are fucking diamonds. ğŸ™ŒğŸ’ I May lose what little I have, but this is personal. Iâ€™m coming for you Melvin. ğŸš€ğŸš€ğŸš€ğŸš€ğŸš€ğŸš€ğŸš€ğŸš€ $GME",0,,https://www.reddit.com/r/wallstreetbets/comments/l7lfo0/i_will_not_falter_my_hands_are_fucking_diamonds_i/,wallstreetbets,t5_2th52
98,l7lfts,Is it still worth it to buy GME right now?,0,[removed],https://www.reddit.com/r/wallstreetbets/comments/l7lfts/is_it_still_worth_it_to_buy_gme_right_now/,wallstreetbets,t5_2th52
99,l7lfu9,GOT QUCK LOAN FOR 5K ALL IN FOR MORE SHARES $GMEğŸš€ğŸš€ğŸš€ ğŸ’ğŸ™ŒğŸ’ğŸ‘ğŸ’ğŸ‘ğŸš€ğŸš€ğŸš€ Iâ€™m retardedğŸ¥´,2,[removed],https://www.reddit.com/r/wallstreetbets/comments/l7lfu9/got_quck_loan_for_5k_all_in_for_more_shares_gme/,wallstreetbets,t5_2th52
